,XLY,XLP,XLE,XLF,XLV,XLI,XLB,XLK,XLU
XLY,0.03461430538076513,0.011657843457300244,0.01834801219257807,0.03171607173801545,0.018206657936908382,0.028454146498000113,0.030852093760440236,0.031179026698025053,0.009289773422334089
XLP,0.011657843457300244,0.014745740576725244,0.009579953000628628,0.015104196336882262,0.008957745604705226,0.012373177705564446,0.012198114112455707,0.00866812530517358,0.009784423106986264
XLE,0.01834801219257807,0.009579953000628628,0.047894387896853755,0.022612993970699033,0.012622006538906714,0.025323412765107647,0.03200891037384862,0.021198444192332667,0.014317402457113347
XLF,0.03171607173801545,0.015104196336882262,0.022612993970699033,0.04783009549896094,0.019834771330558162,0.03221887505855534,0.03343059618017263,0.02719853253971185,0.012599794288200374
XLV,0.018206657936908382,0.008957745604705226,0.012622006538906714,0.019834771330558162,0.019955327760092994,0.01829983068258595,0.019387313136729742,0.021152356475215177,0.008395633038880329
XLI,0.028454146498000113,0.012373177705564446,0.025323412765107647,0.03221887505855534,0.01829983068258595,0.03485003403254221,0.03505451757202757,0.029676309817035722,0.012455188086279944
XLB,0.030852093760440236,0.012198114112455707,0.03200891037384862,0.03343059618017263,0.019387313136729742,0.03505451757202757,0.04868833951954121,0.029640162826920457,0.01258261292907464
XLK,0.031179026698025053,0.00866812530517358,0.021198444192332667,0.02719853253971185,0.021152356475215177,0.029676309817035722,0.029640162826920457,0.059183615174596006,0.007300820199285551
XLU,0.009289773422334089,0.009784423106986264,0.014317402457113347,0.012599794288200374,0.008395633038880329,0.012455188086279944,0.01258261292907464,0.007300820199285551,0.023039238268072634
